{
  "title": "f",
  "data": [{
    "index": "日常作业数量",
    "today": {
      "complete": 11,
      "running": 1
    },
    "cumulate": {
      "complete": 234,
      "running": 1
    }
  }, {
    "index": "实时转储数据条数",
    "today": 43129434,
    "cumulate": 62143129434
  }, {
    "index": "合并作业数量",
    "today": {
      "complete": 12,
      "running": 1
    },
    "cumulate": {
      "complete": 12,
      "running": 1,
      "day": 29,
      "month": 43,
      "year": 442
    }
  }, {
    "index": "合并文件路径数量",
    "today": 12224,
    "cumulate": 232434
  }, {
    "index": "合并碎文件数量",
    "today": 122244,
    "cumulate": 12324434
  }]
}
